Data de Carga,"Nome ",Sexo,Idade,Sexo_condicionado,Classificaçăo
2022-11-25 09:22:42,Mr. Owen Harris Braund,male,22,Masculino,Homem
2022-11-25 09:22:42,Mrs. John Bradley (Florence Briggs Thayer) Cumings,female,38,Feminino,Mulher
2022-11-25 09:22:42,Miss. Laina Heikkinen,female,26,Feminino,Mulher
2022-11-25 09:22:42,Mrs. Jacques Heath (Lily May Peel) Futrelle,female,35,Feminino,Mulher
2022-11-25 09:22:42,Mr. William Henry Allen,male,35,Masculino,Homem
2022-11-25 09:22:42,Mr. James Moran,male,27,Masculino,Homem
2022-11-25 09:22:42,Mr. Timothy J McCarthy,male,54,Masculino,Homem
2022-11-25 09:22:42,Master. Gosta Leonard Palsson,male,2,Masculino,Homem
2022-11-25 09:22:42,Mrs. Oscar W (Elisabeth Vilhelmina Berg) Johnson,female,27,Feminino,Mulher
2022-11-25 09:22:42,Mrs. Nicholas (Adele Achem) Nasser,female,14,Feminino,Mulher
2022-11-25 09:22:42,Miss. Marguerite Rut Sandstrom,female,4,Feminino,Mulher
2022-11-25 09:22:42,Miss. Elizabeth Bonnell,female,58,Feminino,Mulher
2022-11-25 09:22:42,Mr. William Henry Saundercock,male,20,Masculino,Homem
2022-11-25 09:22:42,Mr. Anders Johan Andersson,male,39,Masculino,Homem
2022-11-25 09:22:42,Miss. Hulda Amanda Adolfina Vestrom,female,14,Feminino,Mulher
2022-11-25 09:22:42,Mrs. (Mary D Kingcome) Hewlett,female,55,Feminino,Mulher
2022-11-25 09:22:42,Master. Eugene Rice,male,2,Masculino,Homem
2022-11-25 09:22:42,Mr. Charles Eugene Williams,male,23,Masculino,Homem
2022-11-25 09:22:42,Mrs. Julius (Emelia Maria Vandemoortele) Vander Planke,female,31,Feminino,Mulher
2022-11-25 09:22:42,Mrs. Fatima Masselmani,female,22,Feminino,Mulher
2022-11-25 09:22:42,Mr. Joseph J Fynney,male,35,Masculino,Homem
2022-11-25 09:22:42,Mr. Lawrence Beesley,male,34,Masculino,Homem
2022-11-25 09:22:42,Miss. Anna McGowan,female,15,Feminino,Mulher
2022-11-25 09:22:42,Mr. William Thompson Sloper,male,28,Masculino,Homem
2022-11-25 09:22:42,Miss. Torborg Danira Palsson,female,8,Feminino,Mulher
2022-11-25 09:22:42,Mrs. Carl Oscar (Selma Augusta Emilia Johansson) Asplund,female,38,Feminino,Mulher
2022-11-25 09:22:42,Mr. Farred Chehab Emir,male,26,Masculino,Homem
2022-11-25 09:22:42,Mr. Charles Alexander Fortune,male,19,Masculino,Homem
2022-11-25 09:22:42,"Miss. Ellen O'Dwyer",female,24,Feminino,Mulher
2022-11-25 09:22:42,Mr. Lalio Todoroff,male,23,Masculino,Homem
2022-11-25 09:22:42,Don. Manuel E Uruchurtu,male,40,Masculino,Homem
2022-11-25 09:22:42,Mrs. William Augustus (Marie Eugenie) Spencer,female,48,Feminino,Mulher
2022-11-25 09:22:42,Miss. Mary Agatha Glynn,female,18,Feminino,Mulher
2022-11-25 09:22:42,Mr. Edward H Wheadon,male,66,Masculino,Homem
2022-11-25 09:22:42,Mr. Edgar Joseph Meyer,male,28,Masculino,Homem
2022-11-25 09:22:42,Mr. Alexander Oskar Holverson,male,42,Masculino,Homem
2022-11-25 09:22:42,Mr. Hanna Mamee,male,18,Masculino,Homem
2022-11-25 09:22:42,Mr. Ernest Charles Cann,male,21,Masculino,Homem
2022-11-25 09:22:42,Miss. Augusta Maria Vander Planke,female,18,Feminino,Mulher
2022-11-25 09:22:42,Miss. Jamila Nicola-Yarred,female,14,Feminino,Mulher
2022-11-25 09:22:42,Mrs. Johan (Johanna Persdotter Larsson) Ahlin,female,40,Feminino,Mulher
2022-11-25 09:22:42,Mrs. William John Robert (Dorothy Ann Wonnacott) Turpin,female,27,Feminino,Mulher
2022-11-25 09:22:42,Miss. Simonne Marie Anne Andree Laroche,female,3,Feminino,Mulher
2022-11-25 09:22:42,Miss. Margaret Delia Devaney,female,19,Feminino,Mulher
2022-11-25 09:22:42,Mr. William John Rogers,male,30,Masculino,Homem
2022-11-25 09:22:42,Mr. Denis Lennon,male,20,Masculino,Homem
2022-11-25 09:22:42,"Miss. Bridget O'Driscoll",female,27,Feminino,Mulher
2022-11-25 09:22:42,Mr. Youssef Samaan,male,16,Masculino,Homem
2022-11-25 09:22:42,Mrs. Josef (Josefine Franchi) Arnold-Franchi,female,18,Feminino,Mulher
2022-11-25 09:22:42,Master. Juha Niilo Panula,male,7,Masculino,Homem
2022-11-25 09:22:42,Mr. Richard Cater Nosworthy,male,21,Masculino,Homem
2022-11-25 09:22:42,Mrs. Henry Sleeper (Myna Haxtun) Harper,female,49,Feminino,Mulher
2022-11-25 09:22:42,Mrs. Lizzie (Elizabeth Anne Wilkinson) Faunthorpe,female,29,Feminino,Mulher
2022-11-25 09:22:42,Mr. Engelhart Cornelius Ostby,male,65,Masculino,Homem
2022-11-25 09:22:42,Mr. Hugh Woolner,male,46,Masculino,Homem
2022-11-25 09:22:42,Miss. Emily Rugg,female,21,Feminino,Mulher
2022-11-25 09:22:42,Mr. Mansouer Novel,male,28.5,Masculino,Homem
2022-11-25 09:22:42,Miss. Constance Mirium West,female,5,Feminino,Mulher
2022-11-25 09:22:42,Master. William Frederick Goodwin,male,11,Masculino,Homem
2022-11-25 09:22:42,Mr. Orsen Sirayanian,male,22,Masculino,Homem
2022-11-25 09:22:42,Miss. Amelie Icard,female,38,Feminino,Mulher
2022-11-25 09:22:42,Mr. Henry Birkhardt Harris,male,45,Masculino,Homem
2022-11-25 09:22:42,Master. Harald Skoog,male,4,Masculino,Homem
2022-11-25 09:22:42,Mr. Albert A Stewart,male,64,Masculino,Homem
2022-11-25 09:22:42,Master. Gerios Moubarek,male,7,Masculino,Homem
2022-11-25 09:22:42,Mrs. (Elizabeth Ramell) Nye,female,29,Feminino,Mulher
2022-11-25 09:22:42,Mr. Ernest James Crease,male,19,Masculino,Homem
2022-11-25 09:22:42,Miss. Erna Alexandra Andersson,female,17,Feminino,Mulher
2022-11-25 09:22:42,Mr. Vincenz Kink,male,26,Masculino,Homem
2022-11-25 09:22:42,Mr. Stephen Curnow Jenkin,male,32,Masculino,Homem
2022-11-25 09:22:42,Miss. Lillian Amy Goodwin,female,16,Feminino,Mulher
2022-11-25 09:22:42,Mr. Ambrose Jr Hood,male,21,Masculino,Homem
2022-11-25 09:22:42,Mr. Apostolos Chronopoulos,male,26,Masculino,Homem
2022-11-25 09:22:42,Mr. Lee Bing,male,32,Masculino,Homem
2022-11-25 09:22:42,Mr. Sigurd Hansen Moen,male,25,Masculino,Homem
2022-11-25 09:22:42,Mr. Ivan Staneff,male,23,Masculino,Homem
2022-11-25 09:22:42,Mr. Rahamin Haim Moutal,male,28,Masculino,Homem
2022-11-25 09:22:42,Master. Alden Gates Caldwell,male,0.83,Masculino,Homem
2022-11-25 09:22:42,Miss. Elizabeth Dowdell,female,30,Feminino,Mulher
2022-11-25 09:22:42,Mr. Achille Waelens,male,22,Masculino,Homem
2022-11-25 09:22:42,Mr. Jan Baptist Sheerlinck,male,29,Masculino,Homem
2022-11-25 09:22:42,Miss. Brigdet Delia McDermott,female,31,Feminino,Mulher
2022-11-25 09:22:42,Mr. Francisco M Carrau,male,28,Masculino,Homem
2022-11-25 09:22:42,Miss. Bertha Ilett,female,17,Feminino,Mulher
2022-11-25 09:22:42,Mrs. Karl Alfred (Maria Mathilda Gustafsson) Backstrom,female,33,Feminino,Mulher
2022-11-25 09:22:42,Mr. William Neal Ford,male,16,Masculino,Homem
2022-11-25 09:22:42,Mr. Selman Francis Slocovski,male,20,Masculino,Homem
2022-11-25 09:22:42,Miss. Mabel Helen Fortune,female,23,Feminino,Mulher
2022-11-25 09:22:42,Mr. Francesco Celotti,male,24,Masculino,Homem
2022-11-25 09:22:42,Mr. Emil Christmann,male,29,Masculino,Homem
2022-11-25 09:22:42,Mr. Paul Edvin Andreasson,male,20,Masculino,Homem
2022-11-25 09:22:42,Mr. Herbert Fuller Chaffee,male,46,Masculino,Homem
2022-11-25 09:22:42,Mr. Bertram Frank Dean,male,26,Masculino,Homem
2022-11-25 09:22:42,Mr. Daniel Coxon,male,59,Masculino,Homem
2022-11-25 09:22:42,Mr. Charles Joseph Shorney,male,22,Masculino,Homem
2022-11-25 09:22:42,Mr. George B Goldschmidt,male,71,Masculino,Homem
2022-11-25 09:22:42,Mr. William Bertram Greenfield,male,23,Masculino,Homem
2022-11-25 09:22:42,Mrs. John T (Ada Julia Bone) Doling,female,34,Feminino,Mulher
2022-11-25 09:22:42,Mr. Sinai Kantor,male,34,Masculino,Homem
2022-11-25 09:22:42,Miss. Matilda Petranec,female,28,Feminino,Mulher
2022-11-25 09:22:42,Mr. Pastcho Petroff,male,29,Masculino,Homem
2022-11-25 09:22:42,Mr. Richard Frasar White,male,21,Masculino,Homem
2022-11-25 09:22:42,Mr. Gustaf Joel Johansson,male,33,Masculino,Homem
2022-11-25 09:22:42,Mr. Anders Vilhelm Gustafsson,male,37,Masculino,Homem
2022-11-25 09:22:42,Mr. Stoytcho Mionoff,male,28,Masculino,Homem
2022-11-25 09:22:42,Miss. Anna Kristine Salkjelsvik,female,21,Feminino,Mulher
2022-11-25 09:22:42,Mr. Albert Johan Moss,male,29,Masculino,Homem
2022-11-25 09:22:42,Mr. Tido Rekic,male,38,Masculino,Homem
2022-11-25 09:22:42,Miss. Bertha Moran,female,28,Feminino,Mulher
2022-11-25 09:22:42,Mr. Walter Chamberlain Porter,male,47,Masculino,Homem
2022-11-25 09:22:42,Miss. Hileni Zabour,female,14.5,Feminino,Mulher
2022-11-25 09:22:42,Mr. David John Barton,male,22,Masculino,Homem
2022-11-25 09:22:42,Miss. Katriina Jussila,female,20,Feminino,Mulher
2022-11-25 09:22:42,Miss. Malake Attalah,female,17,Feminino,Mulher
2022-11-25 09:22:42,Mr. Edvard Pekoniemi,male,21,Masculino,Homem
2022-11-25 09:22:42,Mr. Patrick Connors,male,70.5,Masculino,Homem
2022-11-25 09:22:42,Mr. William John Robert Turpin,male,29,Masculino,Homem
2022-11-25 09:22:42,Mr. Quigg Edmond Baxter,male,24,Masculino,Homem
2022-11-25 09:22:42,Miss. Ellis Anna Maria Andersson,female,2,Feminino,Mulher
2022-11-25 09:22:42,Mr. Stanley George Hickman,male,21,Masculino,Homem
2022-11-25 09:22:42,Mr. Leonard Charles Moore,male,19,Masculino,Homem
2022-11-25 09:22:42,Mr. Nicholas Nasser,male,32.5,Masculino,Homem
2022-11-25 09:22:42,Miss. Susan Webber,female,32.5,Feminino,Mulher
2022-11-25 09:22:42,Mr. Percival Wayland White,male,54,Masculino,Homem
2022-11-25 09:22:42,Master. Elias Nicola-Yarred,male,12,Masculino,Homem
2022-11-25 09:22:42,Mr. Martin McMahon,male,19,Masculino,Homem
2022-11-25 09:22:42,Mr. Fridtjof Arne Madsen,male,24,Masculino,Homem
2022-11-25 09:22:42,Miss. Anna Peter,female,2,Feminino,Mulher
2022-11-25 09:22:42,Mr. Johan Ekstrom,male,45,Masculino,Homem
2022-11-25 09:22:42,Mr. Jozef Drazenoic,male,33,Masculino,Homem
2022-11-25 09:22:42,Mr. Domingos Fernandeo Coelho,male,20,Masculino,Homem
2022-11-25 09:22:42,Mrs. Alexander A (Grace Charity Laury) Robins,female,47,Feminino,Mulher
2022-11-25 09:22:42,Mrs. Leopold (Mathilde Francoise Pede) Weisz,female,29,Feminino,Mulher
2022-11-25 09:22:42,Mr. Samuel James Hayden Sobey,male,25,Masculino,Homem
2022-11-25 09:22:42,Mr. Emile Richard,male,23,Masculino,Homem
2022-11-25 09:22:42,Miss. Helen Monypeny Newsom,female,19,Feminino,Mulher
2022-11-25 09:22:42,Mr. Jacques Heath Futrelle,male,37,Masculino,Homem
2022-11-25 09:22:42,Mr. Olaf Elon Osen,male,16,Masculino,Homem
2022-11-25 09:22:42,Mr. Victor Giglio,male,24,Masculino,Homem
2022-11-25 09:22:42,Mrs. Joseph (Sultana) Boulos,female,40,Feminino,Mulher
2022-11-25 09:22:42,Miss. Anna Sofia Nysten,female,22,Feminino,Mulher
2022-11-25 09:22:42,Mrs. Pekka Pietari (Elin Matilda Dolck) Hakkarainen,female,24,Feminino,Mulher
2022-11-25 09:22:42,Mr. Jeremiah Burke,male,19,Masculino,Homem
2022-11-25 09:22:42,Mr. Edgardo Samuel Andrew,male,18,Masculino,Homem
2022-11-25 09:22:42,Mr. Joseph Charles Nicholls,male,19,Masculino,Homem
2022-11-25 09:22:42,Mr. August Edvard Andersson,male,27,Masculino,Homem
2022-11-25 09:22:42,Miss. Robina Maggie Ford,female,9,Feminino,Mulher
2022-11-25 09:22:42,Mr. Michel Navratil,male,36.5,Masculino,Homem
2022-11-25 09:22:42,Rev. Thomas Roussel Davids Byles,male,42,Masculino,Homem
2022-11-25 09:22:42,Rev. Robert James Bateman,male,51,Masculino,Homem
2022-11-25 09:22:42,Mrs. Thomas (Edith Wearne) Pears,female,22,Feminino,Mulher
2022-11-25 09:22:42,Mr. Alfonzo Meo,male,55.5,Masculino,Homem
2022-11-25 09:22:42,Mr. Austin Blyler van Billiard,male,40.5,Masculino,Homem
2022-11-25 09:22:42,Mr. Ole Martin Olsen,male,27,Masculino,Homem
2022-11-25 09:22:42,Mr. Charles Duane Williams,male,51,Masculino,Homem
2022-11-25 09:22:42,Miss. Katherine Gilnagh,female,16,Feminino,Mulher
2022-11-25 09:22:42,Mr. Harry Corn,male,30,Masculino,Homem
2022-11-25 09:22:42,Mr. Mile Smiljanic,male,37,Masculino,Homem
2022-11-25 09:22:42,Master. Thomas Henry Sage,male,5,Masculino,Homem
2022-11-25 09:22:42,Mr. John Hatfield Cribb,male,44,Masculino,Homem
2022-11-25 09:22:42,Mrs. James (Elizabeth Inglis Milne) Watt,female,40,Feminino,Mulher
2022-11-25 09:22:42,Mr. John Viktor Bengtsson,male,26,Masculino,Homem
2022-11-25 09:22:42,Mr. Jovo Calic,male,17,Masculino,Homem
2022-11-25 09:22:42,Master. Eino Viljami Panula,male,1,Masculino,Homem
2022-11-25 09:22:42,Master. Frank John William Goldsmith,male,9,Masculino,Homem
2022-11-25 09:22:42,Mrs. (Edith Martha Bowerman) Chibnall,female,48,Feminino,Mulher
2022-11-25 09:22:42,Mrs. William (Anna Bernhardina Karlsson) Skoog,female,45,Feminino,Mulher
2022-11-25 09:22:42,Mr. John D Baumann,male,60,Masculino,Homem
2022-11-25 09:22:42,Mr. Lee Ling,male,28,Masculino,Homem
2022-11-25 09:22:42,Mr. Wyckoff Van der hoef,male,61,Masculino,Homem
2022-11-25 09:22:42,Master. Arthur Rice,male,4,Masculino,Homem
2022-11-25 09:22:42,Miss. Eleanor Ileen Johnson,female,1,Feminino,Mulher
2022-11-25 09:22:42,Mr. Antti Wilhelm Sivola,male,21,Masculino,Homem
2022-11-25 09:22:42,Mr. James Clinch Smith,male,56,Masculino,Homem
2022-11-25 09:22:42,Mr. Klas Albin Klasen,male,18,Masculino,Homem
2022-11-25 09:22:42,Master. Henry Forbes Lefebre,male,5,Masculino,Homem
2022-11-25 09:22:42,Miss. Ann Elizabeth Isham,female,50,Feminino,Mulher
2022-11-25 09:22:42,Mr. Reginald Hale,male,30,Masculino,Homem
2022-11-25 09:22:42,Mr. Lionel Leonard,male,36,Masculino,Homem
2022-11-25 09:22:42,Miss. Constance Gladys Sage,female,8,Feminino,Mulher
2022-11-25 09:22:42,Mr. Rene Pernot,male,39,Masculino,Homem
2022-11-25 09:22:42,Master. Clarence Gustaf Hugo Asplund,male,9,Masculino,Homem
2022-11-25 09:22:42,Master. Richard F Becker,male,1,Masculino,Homem
2022-11-25 09:22:42,Miss. Luise Gretchen Kink-Heilmann,female,4,Feminino,Mulher
2022-11-25 09:22:42,Mr. Hugh Roscoe Rood,male,39,Masculino,Homem
2022-11-25 09:22:42,"Mrs. Thomas (Johanna Godfrey) O'Brien",female,26,Feminino,Mulher
2022-11-25 09:22:42,Mr. Charles Hallace Romaine,male,45,Masculino,Homem
2022-11-25 09:22:42,Mr. John Bourke,male,40,Masculino,Homem
2022-11-25 09:22:42,Mr. Stjepan Turcin,male,36,Masculino,Homem
2022-11-25 09:22:42,Mrs. (Rosa) Pinsky,female,32,Feminino,Mulher
2022-11-25 09:22:42,Mr. William Carbines,male,19,Masculino,Homem
2022-11-25 09:22:42,Miss. Carla Christine Nielsine Andersen-Jensen,female,19,Feminino,Mulher
2022-11-25 09:22:42,Master. Michel M Navratil,male,3,Masculino,Homem
2022-11-25 09:22:42,Mrs. James Joseph (Margaret Tobin) Brown,female,44,Feminino,Mulher
2022-11-25 09:22:42,Miss. Elise Lurette,female,58,Feminino,Mulher
2022-11-25 09:22:42,Mr. Robert Mernagh,male,28,Masculino,Homem
2022-11-25 09:22:42,Mr. Karl Siegwart Andreas Olsen,male,42,Masculino,Homem
2022-11-25 09:22:42,Miss. Margaret Madigan,female,21,Feminino,Mulher
2022-11-25 09:22:42,Miss. Henriette Yrois,female,24,Feminino,Mulher
2022-11-25 09:22:42,Mr. Nestor Cyriel Vande Walle,male,28,Masculino,Homem
2022-11-25 09:22:42,Mr. Frederick Sage,male,17,Masculino,Homem
2022-11-25 09:22:42,Mr. Jakob Alfred Johanson,male,34,Masculino,Homem
2022-11-25 09:22:42,Mr. Gerious Youseff,male,45.5,Masculino,Homem
2022-11-25 09:22:42,Mr. Gurshon Cohen,male,18,Masculino,Homem
2022-11-25 09:22:42,Miss. Telma Matilda Strom,female,2,Feminino,Mulher
2022-11-25 09:22:42,Mr. Karl Alfred Backstrom,male,32,Masculino,Homem
2022-11-25 09:22:42,Mr. Nassef Cassem Albimona,male,26,Masculino,Homem
2022-11-25 09:22:42,Miss. Helen Carr,female,16,Feminino,Mulher
2022-11-25 09:22:42,Mr. Henry Blank,male,40,Masculino,Homem
2022-11-25 09:22:42,Mr. Ahmed Ali,male,24,Masculino,Homem
2022-11-25 09:22:42,Miss. Clear Annie Cameron,female,35,Feminino,Mulher
2022-11-25 09:22:42,Mr. John Henry Perkin,male,22,Masculino,Homem
2022-11-25 09:22:42,Mr. Hans Kristensen Givard,male,30,Masculino,Homem
2022-11-25 09:22:42,Mr. Philip Kiernan,male,22,Masculino,Homem
2022-11-25 09:22:42,Miss. Madeleine Newell,female,31,Feminino,Mulher
2022-11-25 09:22:42,Miss. Eliina Honkanen,female,27,Feminino,Mulher
2022-11-25 09:22:42,Mr. Sidney Samuel Jacobsohn,male,42,Masculino,Homem
2022-11-25 09:22:42,Miss. Albina Bazzani,female,32,Feminino,Mulher
2022-11-25 09:22:42,Mr. Walter Harris,male,30,Masculino,Homem
2022-11-25 09:22:42,Mr. Victor Francis Sunderland,male,16,Masculino,Homem
2022-11-25 09:22:42,Mr. James H Bracken,male,27,Masculino,Homem
2022-11-25 09:22:42,Mr. George Henry Green,male,51,Masculino,Homem
2022-11-25 09:22:42,Mr. Christo Nenkoff,male,22,Masculino,Homem
2022-11-25 09:22:42,Mr. Frederick Maxfield Hoyt,male,38,Masculino,Homem
2022-11-25 09:22:42,Mr. Karl Ivar Sven Berglund,male,22,Masculino,Homem
2022-11-25 09:22:42,Mr. William John Mellors,male,19,Masculino,Homem
2022-11-25 09:22:42,Mr. John Hall Lovell,male,20.5,Masculino,Homem
2022-11-25 09:22:42,Mr. Arne Jonas Fahlstrom,male,18,Masculino,Homem
2022-11-25 09:22:42,Miss. Mathilde Lefebre,female,12,Feminino,Mulher
2022-11-25 09:22:42,Mrs. Henry Birkhardt (Irene Wallach) Harris,female,35,Feminino,Mulher
2022-11-25 09:22:42,Mr. Bengt Edvin Larsson,male,29,Masculino,Homem
2022-11-25 09:22:42,Mr. Ernst Adolf Sjostedt,male,59,Masculino,Homem
2022-11-25 09:22:42,Miss. Lillian Gertrud Asplund,female,5,Feminino,Mulher
2022-11-25 09:22:42,Mr. Robert William Norman Leyson,male,24,Masculino,Homem
2022-11-25 09:22:42,Miss. Alice Phoebe Harknett,female,21,Feminino,Mulher
2022-11-25 09:22:42,Mr. Stephen Hold,male,44,Masculino,Homem
2022-11-25 09:22:42,Miss. Marjorie Collyer,female,8,Feminino,Mulher
2022-11-25 09:22:42,Mr. Frederick William Pengelly,male,19,Masculino,Homem
2022-11-25 09:22:42,Mr. George Henry Hunt,male,33,Masculino,Homem
2022-11-25 09:22:42,Miss. Thamine Zabour,female,19,Feminino,Mulher
2022-11-25 09:22:42,Miss. Katherine Murphy,female,18,Feminino,Mulher
2022-11-25 09:22:42,Mr. Reginald Charles Coleridge,male,29,Masculino,Homem
2022-11-25 09:22:42,Mr. Matti Alexanteri Maenpaa,male,22,Masculino,Homem
2022-11-25 09:22:42,Mr. Sleiman Attalah,male,30,Masculino,Homem
2022-11-25 09:22:42,Dr. William Edward Minahan,male,44,Masculino,Homem
2022-11-25 09:22:42,Miss. Agda Thorilda Viktoria Lindahl,female,25,Feminino,Mulher
2022-11-25 09:22:42,Mrs. William (Anna) Hamalainen,female,24,Feminino,Mulher
2022-11-25 09:22:42,Mr. Richard Leonard Beckwith,male,37,Masculino,Homem
2022-11-25 09:22:42,Rev. Ernest Courtenay Carter,male,54,Masculino,Homem
2022-11-25 09:22:42,Mr. James George Reed,male,18,Masculino,Homem
2022-11-25 09:22:42,Mrs. Wilhelm (Elna Matilda Persson) Strom,female,29,Feminino,Mulher
2022-11-25 09:22:42,Mr. William Thomas Stead,male,62,Masculino,Homem
2022-11-25 09:22:42,Mr. William Arthur Lobb,male,30,Masculino,Homem
2022-11-25 09:22:42,Mrs. Viktor (Helena Wilhelmina) Rosblom,female,41,Feminino,Mulher
2022-11-25 09:22:42,Mrs. Darwis (Hanne Youssef Razi) Touma,female,29,Feminino,Mulher
2022-11-25 09:22:42,Mrs. Gertrude Maybelle Thorne,female,38,Feminino,Mulher
2022-11-25 09:22:42,Miss. Gladys Cherry,female,30,Feminino,Mulher
2022-11-25 09:22:42,Miss. Anna Ward,female,35,Feminino,Mulher
2022-11-25 09:22:42,Mrs. (Lutie Davis) Parrish,female,50,Feminino,Mulher
2022-11-25 09:22:42,Master. Edvin Rojj Felix Asplund,male,3,Masculino,Homem
2022-11-25 09:22:42,Mr. Emil Taussig,male,52,Masculino,Homem
2022-11-25 09:22:42,Mr. William Harrison,male,40,Masculino,Homem
2022-11-25 09:22:42,Miss. Delia Henry,female,21,Feminino,Mulher
2022-11-25 09:22:42,Mr. David Reeves,male,36,Masculino,Homem
2022-11-25 09:22:42,Mr. Ernesti Arvid Panula,male,16,Masculino,Homem
2022-11-25 09:22:42,Mr. Ernst Ulrik Persson,male,25,Masculino,Homem
2022-11-25 09:22:42,Mrs. William Thompson (Edith Junkins) Graham,female,58,Feminino,Mulher
2022-11-25 09:22:42,Miss. Amelia Bissette,female,35,Feminino,Mulher
2022-11-25 09:22:42,Mr. Alexander Cairns,male,28,Masculino,Homem
2022-11-25 09:22:42,Mr. William Henry Tornquist,male,25,Masculino,Homem
2022-11-25 09:22:42,Mrs. (Elizabeth Anne Maidment) Mellinger,female,41,Feminino,Mulher
2022-11-25 09:22:42,Mr. Charles H Natsch,male,37,Masculino,Homem
2022-11-25 09:22:42,Miss. Hanora Healy,female,33,Feminino,Mulher
2022-11-25 09:22:42,Miss. Kornelia Theodosia Andrews,female,63,Feminino,Mulher
2022-11-25 09:22:42,Miss. Augusta Charlotta Lindblom,female,45,Feminino,Mulher
2022-11-25 09:22:42,Mr. Francis Parkes,male,21,Masculino,Homem
2022-11-25 09:22:42,Master. Eric Rice,male,7,Masculino,Homem
2022-11-25 09:22:42,Mrs. Stanton (Rosa Hunt) Abbott,female,35,Feminino,Mulher
2022-11-25 09:22:42,Mr. Frank Duane,male,65,Masculino,Homem
2022-11-25 09:22:42,Mr. Nils Johan Goransson Olsson,male,28,Masculino,Homem
2022-11-25 09:22:42,Mr. Alfons de Pelsmaeker,male,16,Masculino,Homem
2022-11-25 09:22:42,Mr. Edward Arthur Dorking,male,19,Masculino,Homem
2022-11-25 09:22:42,Mr. Richard William Smith,male,57,Masculino,Homem
2022-11-25 09:22:42,Mr. Ivan Stankovic,male,33,Masculino,Homem
2022-11-25 09:22:42,Mr. Theodore de Mulder,male,30,Masculino,Homem
2022-11-25 09:22:42,Mr. Penko Naidenoff,male,22,Masculino,Homem
2022-11-25 09:22:42,Mr. Masabumi Hosono,male,42,Masculino,Homem
2022-11-25 09:22:42,Miss. Kate Connolly,female,22,Feminino,Mulher
2022-11-25 09:22:42,Miss. Ellen Barber,female,26,Feminino,Mulher
2022-11-25 09:22:42,Mrs. Dickinson H (Helen Walton) Bishop,female,19,Feminino,Mulher
2022-11-25 09:22:42,Mr. Rene Jacques Levy,male,36,Masculino,Homem
2022-11-25 09:22:42,Miss. Aloisia Haas,female,24,Feminino,Mulher
2022-11-25 09:22:42,Mr. Ivan Mineff,male,24,Masculino,Homem
2022-11-25 09:22:42,Mr. Ervin G Lewy,male,30,Masculino,Homem
2022-11-25 09:22:42,Mr. Mansour Hanna,male,23.5,Masculino,Homem
2022-11-25 09:22:42,Miss. Helen Loraine Allison,female,2,Feminino,Mulher
2022-11-25 09:22:42,Mr. Adolphe Saalfeld,male,47,Masculino,Homem
2022-11-25 09:22:42,Mrs. James (Helene DeLaudeniere Chaput) Baxter,female,50,Feminino,Mulher
2022-11-25 09:22:42,Miss. Anna Katherine Kelly,female,20,Feminino,Mulher
2022-11-25 09:22:42,Mr. Bernard McCoy,male,24,Masculino,Homem
2022-11-25 09:22:42,Mr. William Cahoone Jr Johnson,male,19,Masculino,Homem
2022-11-25 09:22:42,Miss. Nora A Keane,female,46,Feminino,Mulher
2022-11-25 09:22:42,Mr. Howard Hugh Williams,male,28,Masculino,Homem
2022-11-25 09:22:42,Master. Hudson Trevor Allison,male,0.92,Masculino,Homem
2022-11-25 09:22:42,Miss. Margaret Fleming,female,42,Feminino,Mulher
2022-11-25 09:22:42,Mrs. Victor de Satode (Maria Josefa Perez de Soto y Vallejo) Penasco y Castellana,female,17,Feminino,Mulher
2022-11-25 09:22:42,Mr. Samuel Abelson,male,30,Masculino,Homem
2022-11-25 09:22:42,Miss. Laura Mabel Francatelli,female,30,Feminino,Mulher
2022-11-25 09:22:42,Miss. Margaret Bechstein Hays,female,24,Feminino,Mulher
2022-11-25 09:22:42,Miss. Emily Borie Ryerson,female,18,Feminino,Mulher
2022-11-25 09:22:42,Mrs. William (Anna Sylfven) Lahtinen,female,26,Feminino,Mulher
2022-11-25 09:22:42,Mr. Ignjac Hendekovic,male,28,Masculino,Homem
2022-11-25 09:22:42,Mr. Benjamin Hart,male,43,Masculino,Homem
2022-11-25 09:22:42,Miss. Helmina Josefina Nilsson,female,26,Feminino,Mulher
2022-11-25 09:22:42,Mrs. Sinai (Miriam Sternin) Kantor,female,24,Feminino,Mulher
2022-11-25 09:22:42,Dr. Ernest Moraweck,male,54,Masculino,Homem
2022-11-25 09:22:42,Miss. Mary Natalie Wick,female,31,Feminino,Mulher
2022-11-25 09:22:42,Mrs. Frederic Oakley (Margaretta Corning Stone) Spedden,female,40,Feminino,Mulher
2022-11-25 09:22:42,Mr. Samuel Dennis,male,22,Masculino,Homem
2022-11-25 09:22:42,Mr. Yoto Danoff,male,27,Masculino,Homem
2022-11-25 09:22:42,Miss. Hilda Mary Slayter,female,30,Feminino,Mulher
2022-11-25 09:22:42,Mrs. Albert Francis (Sylvia Mae Harbaugh) Caldwell,female,22,Feminino,Mulher
2022-11-25 09:22:42,Mr. George John Jr Sage,male,20,Masculino,Homem
2022-11-25 09:22:42,Miss. Marie Grice Young,female,36,Feminino,Mulher
2022-11-25 09:22:42,Mr. Johan Hansen Nysveen,male,61,Masculino,Homem
2022-11-25 09:22:42,Mrs. (Ada E Hall) Ball,female,36,Feminino,Mulher
2022-11-25 09:22:42,Mrs. Frank John (Emily Alice Brown) Goldsmith,female,31,Feminino,Mulher
2022-11-25 09:22:42,Miss. Jean Gertrude Hippach,female,16,Feminino,Mulher
2022-11-25 09:22:42,Miss. Agnes McCoy,female,28,Feminino,Mulher
2022-11-25 09:22:42,Mr. Austen Partner,male,45.5,Masculino,Homem
2022-11-25 09:22:42,Mr. George Edward Graham,male,38,Masculino,Homem
2022-11-25 09:22:42,Mr. Leo Edmondus Vander Planke,male,16,Masculino,Homem
2022-11-25 09:22:42,Mrs. Henry William (Clara Heinsheimer) Frauenthal,female,42,Feminino,Mulher
2022-11-25 09:22:42,Mr. Mitto Denkoff,male,30,Masculino,Homem
2022-11-25 09:22:42,Mr. Thomas Clinton Pears,male,29,Masculino,Homem
2022-11-25 09:22:42,Miss. Elizabeth Margaret Burns,female,41,Feminino,Mulher
2022-11-25 09:22:42,Mr. Karl Edwart Dahl,male,45,Masculino,Homem
2022-11-25 09:22:42,Mr. Stephen Weart Blackwell,male,45,Masculino,Homem
2022-11-25 09:22:42,Master. Edmond Roger Navratil,male,2,Masculino,Homem
2022-11-25 09:22:42,Miss. Alice Elizabeth Fortune,female,24,Feminino,Mulher
2022-11-25 09:22:42,Mr. Erik Gustaf Collander,male,28,Masculino,Homem
2022-11-25 09:22:42,Mr. Charles Frederick Waddington Sedgwick,male,25,Masculino,Homem
2022-11-25 09:22:42,Mr. Stanley Hubert Fox,male,36,Masculino,Homem
2022-11-25 09:22:42,Miss. Amelia Brown,female,24,Feminino,Mulher
2022-11-25 09:22:42,Miss. Marion Elsie Smith,female,40,Feminino,Mulher
2022-11-25 09:22:42,Mrs. Thomas Henry (Mary E Finck) Davison,female,34,Feminino,Mulher
2022-11-25 09:22:42,Master. William Loch Coutts,male,3,Masculino,Homem
2022-11-25 09:22:42,Mr. Jovan Dimic,male,42,Masculino,Homem
2022-11-25 09:22:42,Mr. Nils Martin Odahl,male,23,Masculino,Homem
2022-11-25 09:22:42,Mr. Fletcher Fellows Williams-Lambert,male,43,Masculino,Homem
2022-11-25 09:22:42,Mr. Tannous Elias,male,15,Masculino,Homem
2022-11-25 09:22:42,Mr. Josef Arnold-Franchi,male,25,Masculino,Homem
2022-11-25 09:22:42,Mr. Wazli Yousif,male,23,Masculino,Homem
2022-11-25 09:22:42,Mr. Leo Peter Vanden Steen,male,28,Masculino,Homem
2022-11-25 09:22:42,Miss. Elsie Edith Bowerman,female,22,Feminino,Mulher
2022-11-25 09:22:42,Miss. Annie Clemmer Funk,female,38,Feminino,Mulher
2022-11-25 09:22:42,Miss. Mary McGovern,female,22,Feminino,Mulher
2022-11-25 09:22:42,Miss. Helen Mary Mockler,female,23,Feminino,Mulher
2022-11-25 09:22:42,Mr. Wilhelm Skoog,male,40,Masculino,Homem
2022-11-25 09:22:42,Mr. Sebastiano del Carlo,male,29,Masculino,Homem
2022-11-25 09:22:42,Mrs. (Catherine David) Barbara,female,45,Feminino,Mulher
2022-11-25 09:22:42,Mr. Adola Asim,male,35,Masculino,Homem
2022-11-25 09:22:42,"Mr. Thomas O'Brien",male,27,Masculino,Homem
2022-11-25 09:22:42,Mr. Mauritz Nils Martin Adahl,male,30,Masculino,Homem
2022-11-25 09:22:42,Mrs. Frank Manley (Anna Sophia Atkinson) Warren,female,60,Feminino,Mulher
2022-11-25 09:22:42,Mrs. (Mantoura Boulos) Moussa,female,35,Feminino,Mulher
2022-11-25 09:22:42,Miss. Annie Jermyn,female,22,Feminino,Mulher
2022-11-25 09:22:42,Mme. Leontine Pauline Aubart,female,24,Feminino,Mulher
2022-11-25 09:22:42,Mr. George Achilles Harder,male,25,Masculino,Homem
2022-11-25 09:22:42,Mr. Jakob Alfred Wiklund,male,18,Masculino,Homem
2022-11-25 09:22:42,Mr. William Thomas Beavan,male,19,Masculino,Homem
2022-11-25 09:22:42,Mr. Sante Ringhini,male,22,Masculino,Homem
2022-11-25 09:22:42,Miss. Stina Viola Palsson,female,3,Feminino,Mulher
2022-11-25 09:22:42,Mrs. Edgar Joseph (Leila Saks) Meyer,female,25,Feminino,Mulher
2022-11-25 09:22:42,Miss. Aurora Adelia Landergren,female,22,Feminino,Mulher
2022-11-25 09:22:42,Mr. Harry Elkins Widener,male,27,Masculino,Homem
2022-11-25 09:22:42,Mr. Tannous Betros,male,20,Masculino,Homem
2022-11-25 09:22:42,Mr. Karl Gideon Gustafsson,male,19,Masculino,Homem
2022-11-25 09:22:42,Miss. Rosalie Bidois,female,42,Feminino,Mulher
2022-11-25 09:22:42,Miss. Maria Nakid,female,1,Feminino,Mulher
2022-11-25 09:22:42,Mr. Juho Tikkanen,male,32,Masculino,Homem
2022-11-25 09:22:42,Mrs. Alexander Oskar (Mary Aline Towner) Holverson,female,35,Feminino,Mulher
2022-11-25 09:22:42,Mr. Vasil Plotcharsky,male,27,Masculino,Homem
2022-11-25 09:22:42,Mr. Charles Henry Davies,male,18,Masculino,Homem
2022-11-25 09:22:42,Master. Sidney Leonard Goodwin,male,1,Masculino,Homem
2022-11-25 09:22:42,Miss. Kate Buss,female,36,Feminino,Mulher
2022-11-25 09:22:42,Mr. Matthew Sadlier,male,19,Masculino,Homem
2022-11-25 09:22:42,Miss. Bertha Lehmann,female,17,Feminino,Mulher
2022-11-25 09:22:42,Mr. William Ernest Carter,male,36,Masculino,Homem
2022-11-25 09:22:42,Mr. Carl Olof Jansson,male,21,Masculino,Homem
2022-11-25 09:22:42,Mr. Johan Birger Gustafsson,male,28,Masculino,Homem
2022-11-25 09:22:42,Miss. Marjorie Newell,female,23,Feminino,Mulher
2022-11-25 09:22:42,Mrs. Hjalmar (Agnes Charlotta Bengtsson) Sandstrom,female,24,Feminino,Mulher
2022-11-25 09:22:42,Mr. Erik Johansson,male,22,Masculino,Homem
2022-11-25 09:22:42,Miss. Elina Olsson,female,31,Feminino,Mulher
2022-11-25 09:22:42,Mr. Peter David McKane,male,46,Masculino,Homem
2022-11-25 09:22:42,Dr. Alfred Pain,male,23,Masculino,Homem
2022-11-25 09:22:42,Mrs. William H (Jessie L) Trout,female,28,Feminino,Mulher
2022-11-25 09:22:42,Mr. Juha Niskanen,male,39,Masculino,Homem
2022-11-25 09:22:42,Mr. John Adams,male,26,Masculino,Homem
2022-11-25 09:22:42,Miss. Mari Aina Jussila,female,21,Feminino,Mulher
2022-11-25 09:22:42,Mr. Pekka Pietari Hakkarainen,male,28,Masculino,Homem
2022-11-25 09:22:42,Miss. Marija Oreskovic,female,20,Feminino,Mulher
2022-11-25 09:22:42,Mr. Shadrach Gale,male,34,Masculino,Homem
2022-11-25 09:22:42,Mr. Carl/Charles Peter Widegren,male,51,Masculino,Homem
2022-11-25 09:22:42,Master. William Rowe Richards,male,3,Masculino,Homem
2022-11-25 09:22:42,Mr. Hans Martin Monsen Birkeland,male,21,Masculino,Homem
2022-11-25 09:22:42,Miss. Ida Lefebre,female,3,Feminino,Mulher
2022-11-25 09:22:42,Mr. Todor Sdycoff,male,42,Masculino,Homem
2022-11-25 09:22:42,Mr. Henry Hart,male,27,Masculino,Homem
2022-11-25 09:22:42,Miss. Daisy E Minahan,female,33,Feminino,Mulher
2022-11-25 09:22:42,Mr. Alfred Fleming Cunningham,male,22,Masculino,Homem
2022-11-25 09:22:42,Mr. Johan Julian Sundman,male,44,Masculino,Homem
2022-11-25 09:22:42,Mrs. Thomas (Annie Louise Rowley) Meek,female,32,Feminino,Mulher
2022-11-25 09:22:42,Mrs. James Vivian (Lulu Thorne Christian) Drew,female,34,Feminino,Mulher
2022-11-25 09:22:42,Miss. Lyyli Karoliina Silven,female,18,Feminino,Mulher
2022-11-25 09:22:42,Mr. William John Matthews,male,30,Masculino,Homem
2022-11-25 09:22:42,Miss. Catharina Van Impe,female,10,Feminino,Mulher
2022-11-25 09:22:42,Mr. David Charters,male,21,Masculino,Homem
2022-11-25 09:22:42,Mr. Leo Zimmerman,male,29,Masculino,Homem
2022-11-25 09:22:42,Mrs. Ernst Gilbert (Anna Sigrid Maria Brogren) Danbom,female,28,Feminino,Mulher
2022-11-25 09:22:42,Mr. Viktor Richard Rosblom,male,18,Masculino,Homem
2022-11-25 09:22:42,Mr. Phillippe Wiseman,male,54,Masculino,Homem
2022-11-25 09:22:42,Mrs. Charles V (Ada Maria Winfield) Clarke,female,28,Feminino,Mulher
2022-11-25 09:22:42,Miss. Kate Florence Phillips,female,19,Feminino,Mulher
2022-11-25 09:22:42,Mr. James Flynn,male,28,Masculino,Homem
2022-11-25 09:22:42,Mr. Berk (Berk Trembisky) Pickard,male,32,Masculino,Homem
2022-11-25 09:22:42,Mr. Mauritz Hakan Bjornstrom-Steffansson,male,28,Masculino,Homem
2022-11-25 09:22:42,Mrs. Percival (Florence Kate White) Thorneycroft,female,33,Feminino,Mulher
2022-11-25 09:22:42,Mrs. Charles Alexander (Alice Adelaide Slow) Louch,female,42,Feminino,Mulher
2022-11-25 09:22:42,Mr. Nikolai Erland Kallio,male,17,Masculino,Homem
2022-11-25 09:22:42,Mr. William Baird Silvey,male,50,Masculino,Homem
2022-11-25 09:22:42,Miss. Lucile Polk Carter,female,14,Feminino,Mulher
2022-11-25 09:22:42,Miss. Doolina Margaret Ford,female,21,Feminino,Mulher
2022-11-25 09:22:42,Mrs. Sidney (Emily Hocking) Richards,female,24,Feminino,Mulher
2022-11-25 09:22:42,Mr. Mark Fortune,male,64,Masculino,Homem
2022-11-25 09:22:42,Mr. Johan Henrik Johannesson Kvillner,male,31,Masculino,Homem
2022-11-25 09:22:42,Mrs. Benjamin (Esther Ada Bloomfield) Hart,female,45,Feminino,Mulher
2022-11-25 09:22:42,Mr. Leon Hampe,male,20,Masculino,Homem
2022-11-25 09:22:42,Mr. Johan Emil Petterson,male,25,Masculino,Homem
2022-11-25 09:22:42,Ms. Encarnacion Reynaldo,female,28,Feminino,Mulher
2022-11-25 09:22:42,Mr. Bernt Johannesen-Bratthammer,male,29,Masculino,Homem
2022-11-25 09:22:42,Master. Washington Dodge,male,4,Masculino,Homem
2022-11-25 09:22:42,Miss. Madeleine Violet Mellinger,female,13,Feminino,Mulher
2022-11-25 09:22:42,Mr. Frederic Kimber Seward,male,34,Masculino,Homem
2022-11-25 09:22:42,Miss. Marie Catherine Baclini,female,5,Feminino,Mulher
2022-11-25 09:22:42,Major. Arthur Godfrey Peuchen,male,52,Masculino,Homem
2022-11-25 09:22:42,Mr. Edwy Arthur West,male,36,Masculino,Homem
2022-11-25 09:22:42,Mr. Ingvald Olai Olsen Hagland,male,28,Masculino,Homem
2022-11-25 09:22:42,Mr. Benjamin Laventall Foreman,male,30,Masculino,Homem
2022-11-25 09:22:42,Mr. Samuel L Goldenberg,male,49,Masculino,Homem
2022-11-25 09:22:42,Mr. Joseph Peduzzi,male,24,Masculino,Homem
2022-11-25 09:22:42,Mr. Ivan Jalsevac,male,29,Masculino,Homem
2022-11-25 09:22:42,Mr. Francis Davis Millet,male,65,Masculino,Homem
2022-11-25 09:22:42,Mrs. Frederick R (Marion) Kenyon,female,41,Feminino,Mulher
2022-11-25 09:22:42,Miss. Ellen Toomey,female,50,Feminino,Mulher
2022-11-25 09:22:42,"Mr. Maurice O'Connor",male,17,Masculino,Homem
2022-11-25 09:22:42,Mr. Harry Anderson,male,48,Masculino,Homem
2022-11-25 09:22:42,Mr. William Morley,male,34,Masculino,Homem
2022-11-25 09:22:42,Mr. Arthur H Gee,male,47,Masculino,Homem
2022-11-25 09:22:42,Mr. Jacob Christian Milling,male,48,Masculino,Homem
2022-11-25 09:22:42,Mr. Simon Maisner,male,34,Masculino,Homem
2022-11-25 09:22:42,Mr. Manuel Estanslas Goncalves,male,38,Masculino,Homem
2022-11-25 09:22:42,Mr. William Campbell,male,21,Masculino,Homem
2022-11-25 09:22:42,Mr. John Montgomery Smart,male,56,Masculino,Homem
2022-11-25 09:22:42,Mr. James Scanlan,male,22,Masculino,Homem
2022-11-25 09:22:42,Miss. Helene Barbara Baclini,female,0.75,Feminino,Mulher
2022-11-25 09:22:42,Mr. Arthur Keefe,male,39,Masculino,Homem
2022-11-25 09:22:42,Mr. Luka Cacic,male,38,Masculino,Homem
2022-11-25 09:22:42,Mrs. Edwy Arthur (Ada Mary Worth) West,female,33,Feminino,Mulher
2022-11-25 09:22:42,Mrs. Amin S (Marie Marthe Thuillard) Jerwan,female,23,Feminino,Mulher
2022-11-25 09:22:42,Miss. Ida Sofia Strandberg,female,22,Feminino,Mulher
2022-11-25 09:22:42,Mr. George Quincy Clifford,male,40,Masculino,Homem
2022-11-25 09:22:42,Mr. Peter Henry Renouf,male,34,Masculino,Homem
2022-11-25 09:22:42,Mr. Lewis Richard Braund,male,29,Masculino,Homem
2022-11-25 09:22:42,Mr. Nils August Karlsson,male,22,Masculino,Homem
2022-11-25 09:22:42,Miss. Hildur E Hirvonen,female,2,Feminino,Mulher
2022-11-25 09:22:42,Master. Harold Victor Goodwin,male,9,Masculino,Homem
2022-11-25 09:22:42,Mr. Anthony Wood Frost,male,37,Masculino,Homem
2022-11-25 09:22:42,Mr. Richard Henry Rouse,male,50,Masculino,Homem
2022-11-25 09:22:42,Mrs. (Hedwig) Turkula,female,63,Feminino,Mulher
2022-11-25 09:22:42,Mr. Dickinson H Bishop,male,25,Masculino,Homem
2022-11-25 09:22:42,Miss. Jeannie Lefebre,female,8,Feminino,Mulher
2022-11-25 09:22:42,Mrs. Frederick Maxfield (Jane Anne Forby) Hoyt,female,35,Feminino,Mulher
2022-11-25 09:22:42,Mr. Edward Austin Kent,male,58,Masculino,Homem
2022-11-25 09:22:42,Mr. Francis William Somerton,male,30,Masculino,Homem
2022-11-25 09:22:42,Master. Eden Leslie Coutts,male,9,Masculino,Homem
2022-11-25 09:22:42,Mr. Konrad Mathias Reiersen Hagland,male,19,Masculino,Homem
2022-11-25 09:22:42,Mr. Einar Windelov,male,21,Masculino,Homem
2022-11-25 09:22:42,Mr. Harry Markland Molson,male,55,Masculino,Homem
2022-11-25 09:22:42,Mr. Ramon Artagaveytia,male,71,Masculino,Homem
2022-11-25 09:22:42,Mr. Edward Roland Stanley,male,21,Masculino,Homem
2022-11-25 09:22:42,Mr. Gerious Yousseff,male,26,Masculino,Homem
2022-11-25 09:22:42,Miss. Elizabeth Mussey Eustis,female,54,Feminino,Mulher
2022-11-25 09:22:42,Mr. Frederick William Shellard,male,55,Masculino,Homem
2022-11-25 09:22:42,Mrs. Hudson J C (Bessie Waldo Daniels) Allison,female,25,Feminino,Mulher
2022-11-25 09:22:42,Mr. Olof Svensson,male,24,Masculino,Homem
2022-11-25 09:22:42,Mr. Petar Calic,male,17,Masculino,Homem
2022-11-25 09:22:42,Miss. Mary Canavan,female,21,Feminino,Mulher
2022-11-25 09:22:42,"Miss. Bridget Mary O'Sullivan",female,21,Feminino,Mulher
2022-11-25 09:22:42,Miss. Kristina Sofia Laitinen,female,37,Feminino,Mulher
2022-11-25 09:22:42,Miss. Roberta Maioni,female,16,Feminino,Mulher
2022-11-25 09:22:42,Mr. Victor de Satode Penasco y Castellana,male,18,Masculino,Homem
2022-11-25 09:22:42,Mrs. Frederick Charles (Jane Richards) Quick,female,33,Feminino,Mulher
2022-11-25 09:22:42,Mr. George Bradley,male,37,Masculino,Homem
2022-11-25 09:22:42,Mr. Henry Margido Olsen,male,28,Masculino,Homem
2022-11-25 09:22:42,Mr. Fang Lang,male,26,Masculino,Homem
2022-11-25 09:22:42,Mr. Eugene Patrick Daly,male,29,Masculino,Homem
2022-11-25 09:22:42,Mr. James Webber,male,66,Masculino,Homem
2022-11-25 09:22:42,Mr. James Robert McGough,male,36,Masculino,Homem
2022-11-25 09:22:42,Mrs. Martin (Elizabeth L. Barrett) Rothschild,female,54,Feminino,Mulher
2022-11-25 09:22:42,Mr. Satio Coleff,male,24,Masculino,Homem
2022-11-25 09:22:42,Mr. William Anderson Walker,male,47,Masculino,Homem
2022-11-25 09:22:42,Mrs. (Amelia Milley) Lemore,female,34,Feminino,Mulher
2022-11-25 09:22:42,Mr. Patrick Ryan,male,30,Masculino,Homem
2022-11-25 09:22:42,Mrs. William A (Florence Agnes Hughes) Angle,female,36,Feminino,Mulher
2022-11-25 09:22:42,Mr. Stefo Pavlovic,male,32,Masculino,Homem
2022-11-25 09:22:42,Miss. Anne Perreault,female,30,Feminino,Mulher
2022-11-25 09:22:42,Mr. Janko Vovk,male,22,Masculino,Homem
2022-11-25 09:22:42,Mr. Sarkis Lahoud,male,35,Masculino,Homem
2022-11-25 09:22:42,Mrs. Louis Albert (Ida Sophia Fischer) Hippach,female,44,Feminino,Mulher
2022-11-25 09:22:42,Mr. Fared Kassem,male,18,Masculino,Homem
2022-11-25 09:22:42,Mr. James Farrell,male,40.5,Masculino,Homem
2022-11-25 09:22:42,Miss. Lucy Ridsdale,female,50,Feminino,Mulher
2022-11-25 09:22:42,Mr. John Farthing,male,49,Masculino,Homem
2022-11-25 09:22:42,Mr. Johan Werner Salonen,male,39,Masculino,Homem
2022-11-25 09:22:42,Mr. Richard George Hocking,male,23,Masculino,Homem
2022-11-25 09:22:42,Miss. Phyllis May Quick,female,2,Feminino,Mulher
2022-11-25 09:22:42,Mr. Nakli Toufik,male,17,Masculino,Homem
2022-11-25 09:22:42,Mr. Joseph Jr Elias,male,17,Masculino,Homem
2022-11-25 09:22:42,Mrs. Catherine (Catherine Rizk) Peter,female,24,Feminino,Mulher
2022-11-25 09:22:42,Miss. Marija Cacic,female,30,Feminino,Mulher
2022-11-25 09:22:42,Miss. Eva Miriam Hart,female,7,Feminino,Mulher
2022-11-25 09:22:42,Major. Archibald Willingham Butt,male,45,Masculino,Homem
2022-11-25 09:22:42,Miss. Bertha LeRoy,female,30,Feminino,Mulher
2022-11-25 09:22:42,Mr. Samuel Beard Risien,male,69,Masculino,Homem
2022-11-25 09:22:42,Miss. Hedwig Margaritha Frolicher,female,22,Feminino,Mulher
2022-11-25 09:22:42,Miss. Harriet R Crosby,female,36,Feminino,Mulher
2022-11-25 09:22:42,Miss. Ingeborg Constanzia Andersson,female,9,Feminino,Mulher
2022-11-25 09:22:42,Miss. Sigrid Elisabeth Andersson,female,11,Feminino,Mulher
2022-11-25 09:22:42,Mr. Edward Beane,male,32,Masculino,Homem
2022-11-25 09:22:42,Mr. Walter Donald Douglas,male,50,Masculino,Homem
2022-11-25 09:22:42,Mr. Arthur Ernest Nicholson,male,64,Masculino,Homem
2022-11-25 09:22:42,Mrs. Edward (Ethel Clarke) Beane,female,19,Feminino,Mulher
2022-11-25 09:22:42,Mr. Julian Padro y Manent,male,27,Masculino,Homem
2022-11-25 09:22:42,Mr. Frank John Goldsmith,male,33,Masculino,Homem
2022-11-25 09:22:42,Master. John Morgan Jr Davies,male,8,Masculino,Homem
2022-11-25 09:22:42,Mr. John Borland Jr Thayer,male,17,Masculino,Homem
2022-11-25 09:22:42,Mr. Percival James R Sharp,male,27,Masculino,Homem
2022-11-25 09:22:42,"Mr. Timothy O'Brien",male,21,Masculino,Homem
2022-11-25 09:22:42,Mr. Fahim Leeni,male,22,Masculino,Homem
2022-11-25 09:22:42,Miss. Velin Ohman,female,22,Feminino,Mulher
2022-11-25 09:22:42,Mr. George Wright,male,62,Masculino,Homem
2022-11-25 09:22:42,Lady. (Lucille Christiana Sutherland)Duff Gordon,female,48,Feminino,Mulher
2022-11-25 09:22:42,Mr. Victor Robbins,male,45,Masculino,Homem
2022-11-25 09:22:42,Mrs. Emil (Tillie Mandelbaum) Taussig,female,39,Feminino,Mulher
2022-11-25 09:22:42,Mrs. Guillaume Joseph (Emma) de Messemaeker,female,36,Feminino,Mulher
2022-11-25 09:22:42,Mr. Thomas Rowan Morrow,male,30,Masculino,Homem
2022-11-25 09:22:42,Mr. Husein Sivic,male,40,Masculino,Homem
2022-11-25 09:22:42,Mr. Robert Douglas Norman,male,28,Masculino,Homem
2022-11-25 09:22:42,Mr. John Simmons,male,40,Masculino,Homem
2022-11-25 09:22:42,Miss. (Marion Ogden) Meanwell,female,62,Feminino,Mulher
2022-11-25 09:22:42,Mr. Alfred J Davies,male,24,Masculino,Homem
2022-11-25 09:22:42,Mr. Ilia Stoytcheff,male,19,Masculino,Homem
2022-11-25 09:22:42,Mrs. Nils (Alma Cornelia Berglund) Palsson,female,29,Feminino,Mulher
2022-11-25 09:22:42,Mr. Tannous Doharr,male,28,Masculino,Homem
2022-11-25 09:22:42,Mr. Carl Jonsson,male,32,Masculino,Homem
2022-11-25 09:22:42,Mr. George Harris,male,62,Masculino,Homem
2022-11-25 09:22:42,Mrs. Edward Dale (Charlotte Lamson) Appleton,female,53,Feminino,Mulher
2022-11-25 09:22:42,Mr. John Irwin Flynn,male,36,Masculino,Homem
2022-11-25 09:22:42,Miss. Mary Kelly,female,22,Feminino,Mulher
2022-11-25 09:22:42,Mr. Alfred George John Rush,male,16,Masculino,Homem
2022-11-25 09:22:42,Mr. George Patchett,male,19,Masculino,Homem
2022-11-25 09:22:42,Miss. Ethel Garside,female,34,Feminino,Mulher
2022-11-25 09:22:42,Mrs. William Baird (Alice Munger) Silvey,female,39,Feminino,Mulher
2022-11-25 09:22:42,Mrs. Joseph (Maria Elias) Caram,female,18,Feminino,Mulher
2022-11-25 09:22:42,Mr. Eiriik Jussila,male,32,Masculino,Homem
2022-11-25 09:22:42,Miss. Julie Rachel Christy,female,25,Feminino,Mulher
2022-11-25 09:22:42,Mrs. John Borland (Marian Longstreth Morris) Thayer,female,39,Feminino,Mulher
2022-11-25 09:22:42,Mr. William James Downton,male,54,Masculino,Homem
2022-11-25 09:22:42,Mr. John Hugo Ross,male,36,Masculino,Homem
2022-11-25 09:22:42,Mr. Uscher Paulner,male,16,Masculino,Homem
2022-11-25 09:22:42,Miss. Ruth Taussig,female,18,Feminino,Mulher
2022-11-25 09:22:42,Mr. John Denzil Jarvis,male,47,Masculino,Homem
2022-11-25 09:22:42,Mr. Maxmillian Frolicher-Stehli,male,60,Masculino,Homem
2022-11-25 09:22:42,Mr. Eliezer Gilinski,male,22,Masculino,Homem
2022-11-25 09:22:42,Mr. Joseph Murdlin,male,22,Masculino,Homem
2022-11-25 09:22:42,Mr. Matti Rintamaki,male,35,Masculino,Homem
2022-11-25 09:22:42,Mrs. Walter Bertram (Martha Eustis) Stephenson,female,52,Feminino,Mulher
2022-11-25 09:22:42,Mr. William James Elsbury,male,47,Masculino,Homem
2022-11-25 09:22:42,Miss. Mary Bourke,female,40,Feminino,Mulher
2022-11-25 09:22:42,Mr. John Henry Chapman,male,37,Masculino,Homem
2022-11-25 09:22:42,Mr. Jean Baptiste Van Impe,male,36,Masculino,Homem
2022-11-25 09:22:42,Miss. Jessie Wills Leitch,female,31,Feminino,Mulher
2022-11-25 09:22:42,Mr. Alfred Johnson,male,49,Masculino,Homem
2022-11-25 09:22:42,Mr. Hanna Boulos,male,18,Masculino,Homem
2022-11-25 09:22:42,Sir. Cosmo Edmund Duff Gordon,male,49,Masculino,Homem
2022-11-25 09:22:42,Mrs. Sidney Samuel (Amy Frances Christy) Jacobsohn,female,24,Feminino,Mulher
2022-11-25 09:22:42,Mr. Petco Slabenoff,male,42,Masculino,Homem
2022-11-25 09:22:42,Mr. Charles H Harrington,male,37,Masculino,Homem
2022-11-25 09:22:42,Mr. Ernst William Torber,male,44,Masculino,Homem
2022-11-25 09:22:42,Mr. Harry Homer,male,35,Masculino,Homem
2022-11-25 09:22:42,Mr. Edvard Bengtsson Lindell,male,36,Masculino,Homem
2022-11-25 09:22:42,Mr. Milan Karaic,male,30,Masculino,Homem
2022-11-25 09:22:42,Mr. Robert Williams Daniel,male,27,Masculino,Homem
2022-11-25 09:22:42,Mrs. Joseph (Juliette Marie Louise Lafargue) Laroche,female,22,Feminino,Mulher
2022-11-25 09:22:42,Miss. Elizabeth W Shutes,female,40,Feminino,Mulher
2022-11-25 09:22:42,Mrs. Anders Johan (Alfrida Konstantia Brogren) Andersson,female,39,Feminino,Mulher
2022-11-25 09:22:42,Mr. Jose Neto Jardin,male,21,Masculino,Homem
2022-11-25 09:22:42,Miss. Margaret Jane Murphy,female,18,Feminino,Mulher
2022-11-25 09:22:42,Mr. John Horgan,male,22,Masculino,Homem
2022-11-25 09:22:42,Mr. William Alfred Brocklebank,male,35,Masculino,Homem
2022-11-25 09:22:42,Miss. Alice Herman,female,24,Feminino,Mulher
2022-11-25 09:22:42,Mr. Ernst Gilbert Danbom,male,34,Masculino,Homem
2022-11-25 09:22:42,Mrs. William Arthur (Cordelia K Stanlick) Lobb,female,26,Feminino,Mulher
2022-11-25 09:22:42,Miss. Marion Louise Becker,female,4,Feminino,Mulher
2022-11-25 09:22:42,Mr. Lawrence Gavey,male,26,Masculino,Homem
2022-11-25 09:22:42,Mr. Antoni Yasbeck,male,27,Masculino,Homem
2022-11-25 09:22:42,Mr. Edwin Nelson Jr Kimball,male,42,Masculino,Homem
2022-11-25 09:22:42,Mr. Sahid Nakid,male,20,Masculino,Homem
2022-11-25 09:22:42,Mr. Henry Damsgaard Hansen,male,21,Masculino,Homem
2022-11-25 09:22:42,Mr. David John Bowen,male,21,Masculino,Homem
2022-11-25 09:22:42,Mr. Frederick Sutton,male,61,Masculino,Homem
2022-11-25 09:22:42,Rev. Charles Leonard Kirkland,male,57,Masculino,Homem
2022-11-25 09:22:42,Miss. Gretchen Fiske Longley,female,21,Feminino,Mulher
2022-11-25 09:22:42,Mr. Guentcho Bostandyeff,male,26,Masculino,Homem
2022-11-25 09:22:42,"Mr. Patrick D O'Connell",male,18,Masculino,Homem
2022-11-25 09:22:42,Mr. Algernon Henry Wilson Barkworth,male,80,Masculino,Homem
2022-11-25 09:22:42,Mr. Johan Svensson Lundahl,male,51,Masculino,Homem
2022-11-25 09:22:42,Dr. Max Stahelin-Maeglin,male,32,Masculino,Homem
2022-11-25 09:22:42,Mr. William Henry Marsh Parr,male,30,Masculino,Homem
2022-11-25 09:22:42,Miss. Mabel Skoog,female,9,Feminino,Mulher
2022-11-25 09:22:42,Miss. Mary Davis,female,28,Feminino,Mulher
2022-11-25 09:22:42,Mr. Antti Gustaf Leinonen,male,32,Masculino,Homem
2022-11-25 09:22:42,Mr. Harvey Collyer,male,31,Masculino,Homem
2022-11-25 09:22:42,Mrs. Juha (Maria Emilia Ojala) Panula,female,41,Feminino,Mulher
2022-11-25 09:22:42,Mr. Percival Thorneycroft,male,37,Masculino,Homem
2022-11-25 09:22:42,Mr. Hans Peder Jensen,male,20,Masculino,Homem
2022-11-25 09:22:42,Mlle. Emma Sagesser,female,24,Feminino,Mulher
2022-11-25 09:22:42,Miss. Margit Elizabeth Skoog,female,2,Feminino,Mulher
2022-11-25 09:22:42,Mr. Choong Foo,male,32,Masculino,Homem
2022-11-25 09:22:42,Miss. Eugenie Baclini,female,0.75,Feminino,Mulher
2022-11-25 09:22:42,Mr. Henry Sleeper Harper,male,48,Masculino,Homem
2022-11-25 09:22:42,Mr. Liudevit Cor,male,19,Masculino,Homem
2022-11-25 09:22:42,Col. Oberst Alfons Simonius-Blumer,male,56,Masculino,Homem
2022-11-25 09:22:42,Mr. Edward Willey,male,21,Masculino,Homem
2022-11-25 09:22:42,Miss. Amy Zillah Elsie Stanley,female,23,Feminino,Mulher
2022-11-25 09:22:42,Mr. Mito Mitkoff,male,23,Masculino,Homem
2022-11-25 09:22:42,Miss. Elsie Doling,female,18,Feminino,Mulher
2022-11-25 09:22:42,Mr. Johannes Halvorsen Kalvik,male,21,Masculino,Homem
2022-11-25 09:22:42,"Miss. Hanora O'Leary",female,16,Feminino,Mulher
2022-11-25 09:22:42,Miss. Hanora Hegarty,female,18,Feminino,Mulher
2022-11-25 09:22:42,Mr. Leonard Mark Hickman,male,24,Masculino,Homem
2022-11-25 09:22:42,Mr. Alexander Radeff,male,27,Masculino,Homem
2022-11-25 09:22:42,Mrs. John (Catherine) Bourke,female,32,Feminino,Mulher
2022-11-25 09:22:42,Mr. George Floyd Eitemiller,male,23,Masculino,Homem
2022-11-25 09:22:42,Mr. Arthur Webster Newell,male,58,Masculino,Homem
2022-11-25 09:22:42,Dr. Henry William Frauenthal,male,50,Masculino,Homem
2022-11-25 09:22:42,Mr. Mohamed Badt,male,40,Masculino,Homem
2022-11-25 09:22:42,Mr. Edward Pomeroy Colley,male,47,Masculino,Homem
2022-11-25 09:22:42,Mr. Peju Coleff,male,36,Masculino,Homem
2022-11-25 09:22:42,Mr. Eino William Lindqvist,male,20,Masculino,Homem
2022-11-25 09:22:42,Mr. Lewis Hickman,male,32,Masculino,Homem
2022-11-25 09:22:42,Mr. Reginald Fenton Butler,male,25,Masculino,Homem
2022-11-25 09:22:42,Mr. Knud Paust Rommetvedt,male,49,Masculino,Homem
2022-11-25 09:22:42,Mr. Jacob Cook,male,43,Masculino,Homem
2022-11-25 09:22:42,Mrs. Elmer Zebley (Juliet Cummins Wright) Taylor,female,48,Feminino,Mulher
2022-11-25 09:22:42,Mrs. Thomas William Solomon (Elizabeth Catherine Ford) Brown,female,40,Feminino,Mulher
2022-11-25 09:22:42,Mr. Thornton Davidson,male,31,Masculino,Homem
2022-11-25 09:22:42,Mr. Henry Michael Mitchell,male,70,Masculino,Homem
2022-11-25 09:22:42,Mr. Charles Wilhelms,male,31,Masculino,Homem
2022-11-25 09:22:42,Mr. Ennis Hastings Watson,male,19,Masculino,Homem
2022-11-25 09:22:42,Mr. Gustaf Hjalmar Edvardsson,male,18,Masculino,Homem
2022-11-25 09:22:42,Mr. Frederick Charles Sawyer,male,24.5,Masculino,Homem
2022-11-25 09:22:42,Miss. Anna Sofia Turja,female,18,Feminino,Mulher
2022-11-25 09:22:42,Mrs. Frederick (Augusta Tyler) Goodwin,female,43,Feminino,Mulher
2022-11-25 09:22:42,Mr. Thomas Drake Martinez Cardeza,male,36,Masculino,Homem
2022-11-25 09:22:42,Miss. Katie Peters,female,28,Feminino,Mulher
2022-11-25 09:22:42,Mr. Hammad Hassab,male,27,Masculino,Homem
2022-11-25 09:22:42,Mr. Thor Anderson Olsvigen,male,20,Masculino,Homem
2022-11-25 09:22:42,Mr. Charles Edward Goodwin,male,14,Masculino,Homem
2022-11-25 09:22:42,Mr. Thomas William Solomon Brown,male,60,Masculino,Homem
2022-11-25 09:22:42,Mr. Joseph Philippe Lemercier Laroche,male,25,Masculino,Homem
2022-11-25 09:22:42,Mr. Jaako Arnold Panula,male,14,Masculino,Homem
2022-11-25 09:22:42,Mr. Branko Dakic,male,19,Masculino,Homem
2022-11-25 09:22:42,Mr. Eberhard Thelander Fischer,male,18,Masculino,Homem
2022-11-25 09:22:42,Miss. Georgette Alexandra Madill,female,15,Feminino,Mulher
2022-11-25 09:22:42,Mr. Albert Adrian Dick,male,31,Masculino,Homem
2022-11-25 09:22:42,Miss. Manca Karun,female,4,Feminino,Mulher
2022-11-25 09:22:42,Mr. Ali Lam,male,37,Masculino,Homem
2022-11-25 09:22:42,Mr. Khalil Saad,male,25,Masculino,Homem
2022-11-25 09:22:42,Col. John Weir,male,60,Masculino,Homem
2022-11-25 09:22:42,Mr. Charles Henry Chapman,male,52,Masculino,Homem
2022-11-25 09:22:42,Mr. James Kelly,male,44,Masculino,Homem
2022-11-25 09:22:42,Miss. Katherine Mullens,female,19,Feminino,Mulher
2022-11-25 09:22:42,Mr. John Borland Thayer,male,49,Masculino,Homem
2022-11-25 09:22:42,Mr. Adolf Mathias Nicolai Olsen Humblen,male,42,Masculino,Homem
2022-11-25 09:22:42,Mrs. John Jacob (Madeleine Talmadge Force) Astor,female,18,Feminino,Mulher
2022-11-25 09:22:42,Mr. Spencer Victor Silverthorne,male,35,Masculino,Homem
2022-11-25 09:22:42,Miss. Saiide Barbara,female,18,Feminino,Mulher
2022-11-25 09:22:42,Mr. Martin Gallagher,male,25,Masculino,Homem
2022-11-25 09:22:42,Mr. Henrik Juul Hansen,male,26,Masculino,Homem
2022-11-25 09:22:42,Mr. Henry Samuel Morley,male,39,Masculino,Homem
2022-11-25 09:22:42,Mrs. Florence Kelly,female,45,Feminino,Mulher
2022-11-25 09:22:42,Mr. Edward Pennington Calderhead,male,42,Masculino,Homem
2022-11-25 09:22:42,Miss. Alice Cleaver,female,22,Feminino,Mulher
2022-11-25 09:22:42,Master. Halim Gonios Moubarek,male,4,Masculino,Homem
2022-11-25 09:22:42,Mlle. Berthe Antonine Mayne,female,24,Feminino,Mulher
2022-11-25 09:22:42,Mr. Herman Klaber,male,41,Masculino,Homem
2022-11-25 09:22:42,Mr. Elmer Zebley Taylor,male,48,Masculino,Homem
2022-11-25 09:22:42,Mr. August Viktor Larsson,male,29,Masculino,Homem
2022-11-25 09:22:42,Mr. Samuel Greenberg,male,52,Masculino,Homem
2022-11-25 09:22:42,Mr. Peter Andreas Lauritz Andersen Soholt,male,19,Masculino,Homem
2022-11-25 09:22:42,Miss. Caroline Louise Endres,female,38,Feminino,Mulher
2022-11-25 09:22:42,Miss. Edwina Celia Troutt,female,27,Feminino,Mulher
2022-11-25 09:22:42,Mr. Malkolm Joackim Johnson,male,33,Masculino,Homem
2022-11-25 09:22:42,Miss. Annie Jessie Harper,female,6,Feminino,Mulher
2022-11-25 09:22:42,Mr. Svend Lauritz Jensen,male,17,Masculino,Homem
2022-11-25 09:22:42,Mr. William Henry Gillespie,male,34,Masculino,Homem
2022-11-25 09:22:42,Mr. Henry Price Hodges,male,50,Masculino,Homem
2022-11-25 09:22:42,Mr. Norman Campbell Chambers,male,27,Masculino,Homem
2022-11-25 09:22:42,Mr. Luka Oreskovic,male,20,Masculino,Homem
2022-11-25 09:22:42,Mrs. Peter Henry (Lillian Jefferys) Renouf,female,30,Feminino,Mulher
2022-11-25 09:22:42,Miss. Margareth Mannion,female,28,Feminino,Mulher
2022-11-25 09:22:42,Mr. Kurt Arnold Gottfrid Bryhl,male,25,Masculino,Homem
2022-11-25 09:22:42,Miss. Pieta Sofia Ilmakangas,female,25,Feminino,Mulher
2022-11-25 09:22:42,Miss. Elisabeth Walton Allen,female,29,Feminino,Mulher
2022-11-25 09:22:42,Mr. Houssein G N Hassan,male,11,Masculino,Homem
2022-11-25 09:22:42,Mr. Robert J Knight,male,41,Masculino,Homem
2022-11-25 09:22:42,Mr. William John Berriman,male,23,Masculino,Homem
2022-11-25 09:22:42,Mr. Moses Aaron Troupiansky,male,23,Masculino,Homem
2022-11-25 09:22:42,Mr. Leslie Williams,male,28.5,Masculino,Homem
2022-11-25 09:22:42,Mrs. Edward (Margaret Ann Watson) Ford,female,48,Feminino,Mulher
2022-11-25 09:22:42,Mr. Gustave J Lesurer,male,35,Masculino,Homem
2022-11-25 09:22:42,Mr. Kanio Ivanoff,male,20,Masculino,Homem
2022-11-25 09:22:42,Mr. Minko Nankoff,male,32,Masculino,Homem
2022-11-25 09:22:42,Mr. Walter James Hawksford,male,45,Masculino,Homem
2022-11-25 09:22:42,Mr. Tyrell William Cavendish,male,36,Masculino,Homem
2022-11-25 09:22:42,Miss. Susan Parker Ryerson,female,21,Feminino,Mulher
2022-11-25 09:22:42,Mr. Neal McNamee,male,24,Masculino,Homem
2022-11-25 09:22:42,Mr. Juho Stranden,male,31,Masculino,Homem
2022-11-25 09:22:42,Capt. Edward Gifford Crosby,male,70,Masculino,Homem
2022-11-25 09:22:42,Mr. Rossmore Edward Abbott,male,16,Masculino,Homem
2022-11-25 09:22:42,Miss. Anna Sinkkonen,female,30,Feminino,Mulher
2022-11-25 09:22:42,Mr. Daniel Warner Marvin,male,19,Masculino,Homem
2022-11-25 09:22:42,Mr. Michael Connaghton,male,31,Masculino,Homem
2022-11-25 09:22:42,Miss. Joan Wells,female,4,Feminino,Mulher
2022-11-25 09:22:42,Master. Meier Moor,male,6,Masculino,Homem
2022-11-25 09:22:42,Mr. Johannes Joseph Vande Velde,male,33,Masculino,Homem
2022-11-25 09:22:42,Mr. Lalio Jonkoff,male,23,Masculino,Homem
2022-11-25 09:22:42,Mrs. Samuel (Jane Laver) Herman,female,48,Feminino,Mulher
2022-11-25 09:22:42,Master. Viljo Hamalainen,male,0.67,Masculino,Homem
2022-11-25 09:22:42,Mr. August Sigfrid Carlsson,male,28,Masculino,Homem
2022-11-25 09:22:42,Mr. Percy Andrew Bailey,male,18,Masculino,Homem
2022-11-25 09:22:42,Mr. Thomas Leonard Theobald,male,34,Masculino,Homem
2022-11-25 09:22:42,the Countess. of (Lucy Noel Martha Dyer-Edwards) Rothes,female,33,Feminino,Mulher
2022-11-25 09:22:42,Mr. John Garfirth,male,23,Masculino,Homem
2022-11-25 09:22:42,Mr. Iisakki Antino Aijo Nirva,male,41,Masculino,Homem
2022-11-25 09:22:42,Mr. Hanna Assi Barah,male,20,Masculino,Homem
2022-11-25 09:22:42,Mrs. William Ernest (Lucile Polk) Carter,female,36,Feminino,Mulher
2022-11-25 09:22:42,Mr. Hans Linus Eklund,male,16,Masculino,Homem
2022-11-25 09:22:42,Mrs. John C (Anna Andrews) Hogeboom,female,51,Feminino,Mulher
2022-11-25 09:22:42,Dr. Arthur Jackson Brewe,male,46,Masculino,Homem
2022-11-25 09:22:42,Miss. Mary Mangan,female,30.5,Feminino,Mulher
2022-11-25 09:22:42,Mr. Daniel J Moran,male,28,Masculino,Homem
2022-11-25 09:22:42,Mr. Daniel Danielsen Gronnestad,male,32,Masculino,Homem
2022-11-25 09:22:42,Mr. Rene Aime Lievens,male,24,Masculino,Homem
2022-11-25 09:22:42,Mr. Niels Peder Jensen,male,48,Masculino,Homem
2022-11-25 09:22:42,Mrs. (Mary) Mack,female,57,Feminino,Mulher
2022-11-25 09:22:42,Mr. Dibo Elias,male,29,Masculino,Homem
2022-11-25 09:22:42,Mrs. Elizabeth (Eliza Needs) Hocking,female,54,Feminino,Mulher
2022-11-25 09:22:42,Mr. Pehr Fabian Oliver Malkolm Myhrman,male,18,Masculino,Homem
2022-11-25 09:22:42,Mr. Roger Tobin,male,20,Masculino,Homem
2022-11-25 09:22:42,Miss. Virginia Ethel Emanuel,female,5,Feminino,Mulher
2022-11-25 09:22:42,Mr. Thomas J Kilgannon,male,22,Masculino,Homem
2022-11-25 09:22:42,Mrs. Edward Scott (Elisabeth Walton McMillan) Robert,female,43,Feminino,Mulher
2022-11-25 09:22:42,Miss. Banoura Ayoub,female,13,Feminino,Mulher
2022-11-25 09:22:42,Mrs. Albert Adrian (Vera Gillespie) Dick,female,17,Feminino,Mulher
2022-11-25 09:22:42,Mr. Milton Clyde Long,male,29,Masculino,Homem
2022-11-25 09:22:42,Mr. Andrew G Johnston,male,35,Masculino,Homem
2022-11-25 09:22:42,Mr. William Ali,male,25,Masculino,Homem
2022-11-25 09:22:42,Mr. Abraham (David Lishin) Harmer,male,25,Masculino,Homem
2022-11-25 09:22:42,Miss. Anna Sofia Sjoblom,female,18,Feminino,Mulher
2022-11-25 09:22:42,Master. George Hugh Rice,male,8,Masculino,Homem
2022-11-25 09:22:42,Master. Bertram Vere Dean,male,1,Masculino,Homem
2022-11-25 09:22:42,Mr. Benjamin Guggenheim,male,46,Masculino,Homem
2022-11-25 09:22:42,Mr. Andrew Keane,male,20,Masculino,Homem
2022-11-25 09:22:42,Mr. Alfred Gaskell,male,16,Masculino,Homem
2022-11-25 09:22:42,Miss. Stella Anna Sage,female,21,Feminino,Mulher
2022-11-25 09:22:42,Mr. William Fisher Hoyt,male,43,Masculino,Homem
2022-11-25 09:22:42,Mr. Ristiu Dantcheff,male,25,Masculino,Homem
2022-11-25 09:22:42,Mr. Richard Otter,male,39,Masculino,Homem
2022-11-25 09:22:42,Dr. Alice (Farnham) Leader,female,49,Feminino,Mulher
2022-11-25 09:22:42,Mrs. Mara Osman,female,31,Feminino,Mulher
2022-11-25 09:22:42,Mr. Yousseff Ibrahim Shawah,male,30,Masculino,Homem
2022-11-25 09:22:42,Mrs. Jean Baptiste (Rosalie Paula Govaert) Van Impe,female,30,Feminino,Mulher
2022-11-25 09:22:42,Mr. Martin Ponesell,male,34,Masculino,Homem
2022-11-25 09:22:42,Mrs. Harvey (Charlotte Annie Tate) Collyer,female,31,Feminino,Mulher
2022-11-25 09:22:42,Master. William Thornton II Carter,male,11,Masculino,Homem
2022-11-25 09:22:42,Master. Assad Alexander Thomas,male,0.42,Masculino,Homem
2022-11-25 09:22:42,Mr. Oskar Arvid Hedman,male,27,Masculino,Homem
2022-11-25 09:22:42,Mr. Karl Johan Johansson,male,31,Masculino,Homem
2022-11-25 09:22:42,Mr. Thomas Jr Andrews,male,39,Masculino,Homem
2022-11-25 09:22:42,Miss. Ellen Natalia Pettersson,female,18,Feminino,Mulher
2022-11-25 09:22:42,Mr. August Meyer,male,39,Masculino,Homem
2022-11-25 09:22:42,Mrs. Norman Campbell (Bertha Griggs) Chambers,female,33,Feminino,Mulher
2022-11-25 09:22:42,Mr. William Alexander,male,26,Masculino,Homem
2022-11-25 09:22:42,Mr. James Lester,male,39,Masculino,Homem
2022-11-25 09:22:42,Mr. Richard James Slemen,male,35,Masculino,Homem
2022-11-25 09:22:42,Miss. Ebba Iris Alfrida Andersson,female,6,Feminino,Mulher
2022-11-25 09:22:42,Mr. Ernest Portage Tomlin,male,30.5,Masculino,Homem
2022-11-25 09:22:42,Mr. Richard Fry,male,39,Masculino,Homem
2022-11-25 09:22:42,Miss. Wendla Maria Heininen,female,23,Feminino,Mulher
2022-11-25 09:22:42,Mr. Albert Mallet,male,31,Masculino,Homem
2022-11-25 09:22:42,Mr. John Fredrik Alexander Holm,male,43,Masculino,Homem
2022-11-25 09:22:42,Master. Karl Thorsten Skoog,male,10,Masculino,Homem
2022-11-25 09:22:42,Mrs. Charles Melville (Clara Jennings Gregg) Hays,female,52,Feminino,Mulher
2022-11-25 09:22:42,Mr. Nikola Lulic,male,27,Masculino,Homem
2022-11-25 09:22:42,Jonkheer. John George Reuchlin,male,38,Masculino,Homem
2022-11-25 09:22:42,Mrs. (Beila) Moor,female,27,Feminino,Mulher
2022-11-25 09:22:42,Master. Urho Abraham Panula,male,2,Masculino,Homem
2022-11-25 09:22:42,Mr. John Flynn,male,36,Masculino,Homem
2022-11-25 09:22:42,Mr. Len Lam,male,23,Masculino,Homem
2022-11-25 09:22:42,Master. Andre Mallet,male,1,Masculino,Homem
2022-11-25 09:22:42,Mr. Thomas Joseph McCormack,male,19,Masculino,Homem
2022-11-25 09:22:42,Mrs. George Nelson (Martha Evelyn) Stone,female,62,Feminino,Mulher
2022-11-25 09:22:42,Mrs. Antoni (Selini Alexander) Yasbeck,female,15,Feminino,Mulher
2022-11-25 09:22:42,Master. George Sibley Richards,male,0.83,Masculino,Homem
2022-11-25 09:22:42,Mr. Amin Saad,male,30,Masculino,Homem
2022-11-25 09:22:42,Mr. Albert Augustsson,male,23,Masculino,Homem
2022-11-25 09:22:42,Mr. Owen George Allum,male,18,Masculino,Homem
2022-11-25 09:22:42,Miss. Sara Rebecca Compton,female,39,Feminino,Mulher
2022-11-25 09:22:42,Mr. Jakob Pasic,male,21,Masculino,Homem
2022-11-25 09:22:42,Mr. Maurice Sirota,male,20,Masculino,Homem
2022-11-25 09:22:42,Mr. Chang Chip,male,32,Masculino,Homem
2022-11-25 09:22:42,Mr. Pierre Marechal,male,29,Masculino,Homem
2022-11-25 09:22:42,Mr. Ilmari Rudolf Alhomaki,male,20,Masculino,Homem
2022-11-25 09:22:42,Mr. Thomas Charles Mudd,male,16,Masculino,Homem
2022-11-25 09:22:42,Miss. Augusta Serepeca,female,30,Feminino,Mulher
2022-11-25 09:22:42,Mr. Peter L Lemberopolous,male,34.5,Masculino,Homem
2022-11-25 09:22:42,Mr. Jeso Culumovic,male,17,Masculino,Homem
2022-11-25 09:22:42,Mr. Anthony Abbing,male,42,Masculino,Homem
2022-11-25 09:22:42,Mr. Douglas Bullen Sage,male,18,Masculino,Homem
2022-11-25 09:22:42,Mr. Marin Markoff,male,35,Masculino,Homem
2022-11-25 09:22:42,Rev. John Harper,male,28,Masculino,Homem
2022-11-25 09:22:42,Mrs. Samuel L (Edwiga Grabowska) Goldenberg,female,40,Feminino,Mulher
2022-11-25 09:22:42,Master. Sigvard Harald Elias Andersson,male,4,Masculino,Homem
2022-11-25 09:22:42,Mr. Johan Svensson,male,74,Masculino,Homem
2022-11-25 09:22:42,Miss. Nourelain Boulos,female,9,Feminino,Mulher
2022-11-25 09:22:42,Miss. Mary Conover Lines,female,16,Feminino,Mulher
2022-11-25 09:22:42,Mrs. Ernest Courtenay (Lilian Hughes) Carter,female,44,Feminino,Mulher
2022-11-25 09:22:42,Mrs. Sam (Leah Rosen) Aks,female,18,Feminino,Mulher
2022-11-25 09:22:42,Mrs. George Dennick (Mary Hitchcock) Wick,female,45,Feminino,Mulher
2022-11-25 09:22:42,Mr. Peter Denis Daly,male,51,Masculino,Homem
2022-11-25 09:22:42,Mrs. Solomon (Latifa Qurban) Baclini,female,24,Feminino,Mulher
2022-11-25 09:22:42,Mr. Raihed Razi,male,30,Masculino,Homem
2022-11-25 09:22:42,Mr. Claus Peter Hansen,male,41,Masculino,Homem
2022-11-25 09:22:42,Mr. Frederick Edward Giles,male,21,Masculino,Homem
2022-11-25 09:22:42,Mrs. Frederick Joel (Margaret Welles Barron) Swift,female,48,Feminino,Mulher
2022-11-25 09:22:42,Miss. Dorothy Edith Sage,female,14,Feminino,Mulher
2022-11-25 09:22:42,Mr. John William Gill,male,24,Masculino,Homem
2022-11-25 09:22:42,Mrs. (Karolina) Bystrom,female,42,Feminino,Mulher
2022-11-25 09:22:42,Miss. Asuncion Duran y More,female,27,Feminino,Mulher
2022-11-25 09:22:42,Mr. Washington Augustus II Roebling,male,31,Masculino,Homem
2022-11-25 09:22:42,Mr. Philemon van Melkebeke,male,23,Masculino,Homem
2022-11-25 09:22:42,Master. Harold Theodor Johnson,male,4,Masculino,Homem
2022-11-25 09:22:42,Mr. Cerin Balkic,male,26,Masculino,Homem
2022-11-25 09:22:42,Mrs. Richard Leonard (Sallie Monypeny) Beckwith,female,47,Feminino,Mulher
2022-11-25 09:22:42,Mr. Frans Olof Carlsson,male,33,Masculino,Homem
2022-11-25 09:22:42,Mr. Victor Vander Cruyssen,male,47,Masculino,Homem
2022-11-25 09:22:42,Mrs. Samuel (Hannah Wizosky) Abelson,female,28,Feminino,Mulher
2022-11-25 09:22:42,Miss. Adele Kiamie Najib,female,15,Feminino,Mulher
2022-11-25 09:22:42,Mr. Alfred Ossian Gustafsson,male,20,Masculino,Homem
2022-11-25 09:22:42,Mr. Nedelio Petroff,male,19,Masculino,Homem
2022-11-25 09:22:42,Mr. Kristo Laleff,male,23,Masculino,Homem
2022-11-25 09:22:42,Mrs. Thomas Jr (Lily Alexenia Wilson) Potter,female,56,Feminino,Mulher
2022-11-25 09:22:42,Mrs. William (Imanita Parrish Hall) Shelley,female,25,Feminino,Mulher
2022-11-25 09:22:42,Mr. Johann Markun,male,33,Masculino,Homem
2022-11-25 09:22:42,Miss. Gerda Ulrika Dahlberg,female,22,Feminino,Mulher
2022-11-25 09:22:42,Mr. Frederick James Banfield,male,28,Masculino,Homem
2022-11-25 09:22:42,Mr. Henry Jr Sutehall,male,25,Masculino,Homem
2022-11-25 09:22:42,Mrs. William (Margaret Norton) Rice,female,39,Feminino,Mulher
2022-11-25 09:22:42,Rev. Juozas Montvila,male,27,Masculino,Homem
2022-11-25 09:22:42,Miss. Margaret Edith Graham,female,19,Feminino,Mulher
2022-11-25 09:22:42,Miss. Catherine Helen Johnston,female,7,Feminino,Mulher
2022-11-25 09:22:42,Mr. Karl Howell Behr,male,26,Masculino,Homem
2022-11-25 09:22:42,Mr. Patrick Dooley,male,32,Masculino,Homem
